10001,Casa Perini,http://www.vinicolaperini.com.br
10002,Castellamare,https://www.emporiocastellamare.com.br
10000,Aurora,http://www.vinicolaaurora.com.br
10012,Dal Pizzol,http://www.dalpizzol.com.br
10011,Salton,http://www.salton.com.br
12039,Esporão,http://www.esporao.com
12474,Calamares,https://enoport.pt
10674,Porto Ferreira,https://sogrape.com/pt/brand/porto-ferreira
10010,Garibaldi,http://www.vinicolagaribaldi.com.br
10025,Luiz Argenta,http://www.luizargenta.com.br
10020,Lidio Carraro,http://www.lidiocarraro.com
10426,Pizzato,http://pizzato.net
10022,Don Guerino,http://www.donguerino.com.br
10559,Guaspari,https://loja.vinicolaguaspari.com.br
10013,Miolo,http://www.miolo.com.br
10014,Casa Valduga,http://www.casavalduga.com.br
10051,CHANDON Brazil,www.chandon.com.br
10412,Cave Geisse,http://www.cavegeisse.com.br
10569,Vinicola Estrada Real,http://www.primeiraestrada.com.br
10029,Bueno,http://buenowines.com.br
10152,Routhier & Darricarrère,https://www.redvin.com.br
10153,Zanlorenzi,https://zanlorenzi.com.br
57156,CHANDON California,http://www.chandon.com
10329,Pietro Felice,www.sinuelovirtual.com.br
11644,Quinta de Bons-Ventos,
10892,Porca de Murca,http://realcompanhiavelha.pt
13189,Silk & Spice,
10997,Quinta do Crasto,http://www.quintadocrasto.pt
11353,Mateus,https://www.mateusrose.com
11074,Quinta do Vale Meão,http://www.quintadovalemeao.pt
12069,Ciconia,http://www.herdadesaomiguel.com
10665,W. & J. Graham's,http://www.grahams-port.com
10734,Quinta do Noval,http://www.quintadonoval.com
11568,Via Latina,
11477,Aveleda,http://www.aveleda.pt
10726,Churchill's,http://www.churchills-port.com
12090,Coutada Velha,
11321,Quinta do Vallado,http://www.quintadovallado.com
12097,Portas da Herdade,http://www.herdadedafarizoa.com
12222,Monsaraz,https://www.carmim.eu/vinhos
12724,Marquês de Marialva,
10699,Kopke,http://www.kopkeport.com
11535,Adega de Monção,http://www.adegademoncao.pt
10703,Sandeman,http://www.sandeman.com
11486,Fonte Pequena,https://www.casadafontepequena.pt
11764,Alfacinha,
12473,Gazela,
10693,Warre's,http://www.warre.com
10736,Cockburn's,http://www.cockburns.com
12674,Távora,http://www.cooptavora.pt
10728,Fonseca,http://www.fonseca.pt
12277,Terra d'Alter,
10737,Casal Garcia,http://www.casalgarcia.com
11521,Cooperativa Agricola de Felgueiras,http://www.vercoope.pt
12437,Carmim,http://www.carmim.eu
11424,Quinta do Portal,http://www.quintadoportal.com
11676,Azueira,http://www.adegadeazueira.com
12633,Campolargo,http://www.campolargovinhos.com
11681,Mundus,http://www.mundus.pt
11004,Secret Spot Wines,http://www.secretspotwines.com
10724,C. da Silva,http://www.cdasilva.pt
11756,DJF Vinhos,https://dfjvinhos.com
10697,Burmester,http://www.burmester.pt
10983,Quinta Maria Izabel,http://www.quintamariaizabel.pt
12510,Quinta d'Amares,http://www.quintadamares.pt
11093,Luis Seabra,
12346,Quinta da Fonte Souto,
10813,Bulas,http://bulas.eu
12415,Fado,
11575,Casa de Vila Verde,https://casadevilaverde.pt
11366,Quarles Harris,https://vintageportsite.com/port-houses/quarles-harris
10684,Krohn,http://www.krohn.pt
10819,Quinta Dona Mafalda,
11590,Quinta de Soutelos,http://www.quintadesoutelos.pt
10901,Niepoort,https://www.niepoort-vinhos.com
11462,Anselmo Mendes,http://www.anselmomendes.pt
13006,Ilha,https://www.dianasilvawines.com
10671,Quinta do Infantado,http://quintadoinfantado.pai.pt
10710,Quinta das Carvalhas,
11036,Passadouro,
11006,Quinta Vale D. Maria,http://www.valedonamaria.com
10800,Calços do Tanha,
11544,Broadbend,https://broadbent.com
14311,Weingut Nik Weis-St. Urbans-Hof,http://www.urbans-hof.de
14904,Hans Baer,https://hans-baer.com
15054,Robert Weil,http://www.weingut-robert-weil.com
15070,Schloss Johannisberg,http://www.schloss-johannisberg.de
15066,Leitz,http://www.leitz-wein.de
14000,Clean Slate,http://cleanslatewine.com
14409,Dönnhoff,http://www.doennhoff.com
13771,Dr. Willkomm,
14917,Villa Wolf,http://villawolf.com
13759,Dr. Loosen,http://www.drloosen.com
15247,Wittmann,http://www.weingutwittmann.de/en/wine
14116,Meyer-Näkel,http://www.meyer-naekel.de
13213,Bernhard Huber,http://www.weingut-huber.com
14417,Emma Reichart,
13633,Markus Molitor,http://www.markusmolitor.com
14469,Knipser,http://www.weingut-knipser.de
14868,Philipp Kuhn,http://www.weingut-philipp-kuhn.de
15444,Becker Landgraf,http://weingut-beckerlandgraf.de
15158,Georg Breuer,http://www.georg-breuer.com
14997,Kloster Eberbach,http://www.weingut-kloster-eberbach.de
14313,Winzergenossenschaft Mayschoss-Altenahr,http://www.winzergenossenschaft-mayschoss.de
15657,Lidl,http://www.lidl.co.uk
13537,Blüfeld,
14160,Fritz Haag,http://www.weingut-fritz-haag.de
14401,Diel,http://www.schlossgut-diel.com
15127,August Kesseler,http://www.august-kesseler.de
14465,Dr. Von Bassermann-Jordan,http://www.bassermann-jordan.de
15496,Pieroth,https://www.pieroth.co.uk
13856,Forstmeister Geltz-Zilliken,http://www.zilliken-vdp.de
15384,Knewitz,http://www.weingut-knewitz.de
14060,Weingut Max Ferd. Richter,http://www.maxferdrichter.com
13506,Oberrotweil,https://www.winzerverein-oberrotweil.de
15227,Fritz Windisch,https://www.weingut-fritzwindisch.de
15742,Wachtstetter,http://www.wachtstetter.de
13521,Selbach-Oster,http://www.selbach-oster.de
15380,Weingut Gunderloch,http://www.gunderloch.de
15060,Trenz,http://weingut-trenz.de
14123,Brogsitter,http://www.weingut-brogsitter.de
15727,Aldinger,http://www.weingut-aldinger.de
15768,Rolf Willy,http://www.rolf-willy.de
13896,Kees-Kieren,http://www.kees-kieren.de
14207,Staatlicher Hofkeller,https://www.hofkeller.de
13214,Markgraf von Baden,http://www.markgraf-von-baden.de
13866,Karlsmühle,http://www.weingut-karlsmuehle.de
29244,Château Mouton Rothschild,http://www.chateau-mouton-rothschild.com
30896,La Vieille Ferme,http://www.lavieilleferme.com
29220,Château Lafite Rothschild,http://www.lafite.com
29231,Château Pichon Longueville Comtesse de Lalande,http://www.pichon-lalande.com
16604,Georges Duboeuf,http://www.duboeuf.com
22431,Domaine du Vieux Lazaret,
29248,Château Pichon Baron,http://www.pichonbaron.com
30985,Château Montrose,http://www.chateau-montrose.com
31225,Château Léoville Poyferré,http://www.leoville-poyferre.fr
31192,Château Gruaud Larose,http://www.gruaud-larose.com
31213,Château Lagrange,http://www.chateau-lagrange.com
18600,Louis Jadot,http://www.louisjadot.com
21702,Pol Roger,http://www.polroger.com
24618,E. Guigal,http://www.guigal.com
22392,Château Mont-Redon,http://www.chateaumontredon.com
30965,Château Calon-Ségur,http://www.calon-segur.fr
20584,Ruinart,http://www.ruinart.com
16268,Trimbach,http://www.trimbach.fr
31874,Château Figeac,http://www.chateau-figeac.com
32311,Château Suduiraut,http://www.suduiraut.com
22143,Moët & Chandon,http://www.moet.com
21599,Pommery,http://www.champagnepommery.com
29246,Château Duhart-Milon,http://www.lafite.com
25367,Château La Lagune,http://www.chateau-lalagune.com
18424,Château de Seguin,http://www.chateaudeseguin.com
22910,Gérard Bertrand,http://www.gerard-bertrand.com
22563,Pegau,http://www.pegau.com
25375,Château Belgrave,http://www.dourthe.com
29751,Château Larrivet Haut-Brion,http://larrivethautbrion.fr
30167,de Ladoucette,https://www.deladoucette.fr
20538,William Fèvre,https://www.williamfevre.fr
26912,Domaine de la Motte,
25320,Château Coufran,http://www.chateau-coufran.com
31938,Henri Bourgeois,http://www.henribourgeois.com
24312,Château de Berne,http://www.chateauberne.com
31568,Château Canon-La-Gaffelière,http://www.neipperg.com
24972,Domaine du Tariquet,http://www.tariquet.com
24789,Château le Puy,http://www.chateau-le-puy.com
22805,Bonneau du Martray,http://www.bonneaudumartray.com
18588,Albert Bichot,http://www.bourgogne-bichot.com
31031,Château Le Crock,http://www.chateaulecrock.fr
19987,Clos La Coutale,http://www.closlacoutale.com
22801,Louis Latour,http://www.louislatour.com
17848,Michel Lynch,http://www.michellynch.com
29282,Château Grand-Puy-Lacoste,http://www.grand-puy-lacoste.fr
17657,Tour de Mandelotte,
24012,Roc de Cambes,http://www.roc-de-cambes.com
19049,Bouchard Père & Fils,http://www.bouchard-pereetfils.com
33661,Tussock Jumper,http://www.tussockjumperwines.com
21922,Veuve Clicquot,http://www.veuve-clicquot.com
27980,Château Marquis d'Alesme,http://www.chateau-marquis-dalesme.fr
17137,Les Portes de Bordeaux,
31586,Château de Fonbel,http://www.chateau-ausone-saint-emilion.com
31810,Château Barde-Haut,
27963,Château Margaux,http://www.chateau-margaux.com
18543,Château de Ribebon,
22184,Andre Clouet,
31560,Château Peymouton,
21604,Dom Pérignon,https://www.domperignon.com
25094,Clos Floridène,http://www.denisdubourdieu.fr
28015,Château Boyd-Cantenac,http://www.boyd-cantenac.fr
28392,Château Bel-Air Lagrave,
31989,Comte Lafond,
33853,Hampton Water,https://hamptonwaterwine.com
31836,Château Laroze,http://www.laroze.com
31678,Château Yon-Figeac,http://www.en.yon-figeac.com
31887,Château Grand Barrail Lamarzelle Figeac,http://www.dourthe.com/chateau/4-chateau-grand-barrail-lamarzell
24844,Château Dalem,http://www.chateaudalem.com
18647,Francois Martenot,
23279,Francois Carillon,http://www.francois-carillon.com
29871,Château de Fieuzal,http://www.fieuzal.com
31729,Château Grand-Pey-Lescours,
27969,Château Monbrison,http://www.chateaumonbrison.com
29914,Château La Croix de Gay,http://www.chateau-la-croix-de-gay.com
18235,Château Pericou,
29934,Château Certan de May,
31574,Château Haut-Segottes,http://hautsegottes.com
24990,Claude Dugat,
21280,Taittinger,http://www.taittinger.com
31537,Château Carteau,
31633,Château Lapelletrie,
25054,Paul Jaboulet Aîné,http://www.jaboulet.com
23420,Domaine Coche-Dury,
29764,Château Baret,http://www.lechateaubaret.com
31737,Château Villemaurine,http://www.villemaurine.com
31572,Château La Grace Dieu-Les Menuts,http://www.lagracedieulesmenuts.com
24507,Château des Tours,https://chateaurayas.fr
17017,La Cave d'Augustin Florent,https://www.twil.fr/france/bordeaux/la-cave-d-augustin-florent.html
18693,Jean-Claude Boisset,http://www.jcboisset.com
22565,Les Courlandes,
17717,Barons de Rothschild (Lafite),http://www.lafite.com
33752,Prophecy,http://www.prophecywines.com
33395,Henry Pellé,http://www.henry-pelle.com
22706,Château d’Aussières,
19257,Léonce Bocquet,
24980,Domaine Fourrier,https://domainefourrier.pagesperso-orange.fr
20328,Domaine Nathalie et Gilles Fevre,http://www.nathalieetgillesfevre.com
22379,Domaine de la Mordorée,http://www.domaine-mordoree.com
27041,Château Marsau,http://www.chateau-marsau.com
28145,Domaine des Comtes Lafon,http://www.comtes-lafon.fr
17832,Dourthe N°1,
24986,Lou Dumont,http://www.loudumont.com
28120,Michel Juillot,http://www.domaine-michel-juillot.fr
28343,G. Descombes,
25088,Château de Chantegrive,http://www.chantegrive.com
19082,David Duband,http://www.domaine-duband.com
18208,Château Talbot,http://www.chateau-talbot.com
27222,Château Ducluzeau,
16691,Barton & Guestier,http://www.barton-guestier.com
33467,Pascal Cotat,
23755,Domaine Comte Georges de Vogüé,
31861,Château La Chapelle Aux Moines,
28035,Château Angludet,http://www.chateau-angludet.fr
20622,Thienot,http://www.thienot.com
21583,Jacques Selosse,http://www.selosse-lesavises.com
20440,Domaine Laurent Tribut,
31935,Claude Riffault,http://www.clauderiffault.com
20785,Lenoble,http://champagne-arlenoble.com
20570,Drappier,http://www.champagne-drappier.com
30341,Château Reillanne,http://chevron-villette-vigneron.com
16415,Dopff au Moulin,http://www.dopff-au-moulin.fr
32291,Château Lamothe Guignard,
23305,Domaine de Courcel,http://www.domainedecourcel-pommard.fr
27648,Lacheteau,http://www.lacheteau.fr
22200,Pierre Peters,http://www.champagne-peters.com
27762,De Chanceny,http://www.dechanceny.fr
33903,La Belle Angèle,http://belleangele-wines.com
30248,Château La Tour de l'Évêque,http://www.toureveque.com
24227,VieVité,http://vievite.com
21290,Duval-Leroy,http://www.duval-leroy.com
30338,Moonlight & Roses,https://moonlightandroses.fr
29759,Château Pontet-Caillou,http://www.gie-bordeaux.com
33802,Pol Clément,
20761,J.M. Gobillard & Fils,http://www.champagne-gobillard.com
22124,Paul Bara,http://www.champagnepaulbara.com
21760,Vranken,http://www.champagnevranken.com
33881,Le Grand Courtâge,http://www.legrandcourtage.com
21563,Perrier-Jouët,http://www.perrier-jouet.com
27242,Château Fonréaud,http://www.chateau-fonreaud.com
22169,Eric Rodez,http://www.champagne-rodez.fr
25086,Mongeard-Mugneret,http://www.mongeard.com
33734,La Francette,https://vins.maisonjohanesboubee.fr/4420D3ESRC
32987,Château La Croix des Pins,http://www.chateaulacroixdespins.com
18214,Gérard Depardieu,
16283,Jean Biecher,http://www.jeanbiecher.com
19028,Domaine Faiveley,http://www.domaine-faiveley.com
32413,Domaine Larroudé,http://www.domaine-larroude.com
19874,Château Jouclary,http://www.chateau-jouclary.com
15877,Gerard Schueller,"https://www.larvf.com/domaine-gerard-schueller-et-fils,10439,400778.asp"
20243,J. Moreau & Fils,http://www.jmoreau-fils.com
28203,Ivan Barbic MW,
17091,Bernard Magrez,http://www.bernard-magrez.com
16512,Domaine Tempier,http://domainetempier.com
23149,Demessey,http://www.manoirmurisaltien.com
41113,Produttori del Barbaresco,http://www.produttoridelbarbaresco.com
49416,Tenuta Il Poggione,http://www.tenutailpoggione.it
51695,Santa Margherita,http://www.santamargherita.com
49339,Tenuta San Guido,http://www.tenutasanguido.com
41219,Renato Ratti,http://www.renatoratti.com
41309,Marchesi di Barolo,http://www.marchesibarolo.com
46304,Varvaglione,https://varvaglione.com
48714,Monte Antico,http://www.monteanticowine.com
40510,Masi,http://www.masi.it
49126,Camigliano,http://www.camigliano.it
50269,Ferrari,http://www.cantineferrari.it
44842,Oasi degli Angeli,http://www.kurni.it
41958,Ruffino,http://www.ruffino.it
48671,Villa Puccini,https://villapucciniwine.com
41239,Palladino,http://www.palladinovini.com
51124,Domini Veneti,https://www.dominiveneti.it
44488,ARPEPE,http://www.arpepe.com
44164,Gaja,http://www.gaja.com
46857,Grifone,
41029,Gancia,http://www.gancia.it
41519,La Lecciaia,
50583,Montigoli,
46600,Li Veli,http://www.liveli.it
43989,La Battistina,https://www.labattistina.it
43568,Attems,http://www.attems.it
48876,Verbena,http://www.aziendaverbena.it
49970,Salvioni,http://www.aziendasalvioni.com
45249,San Silvestro,http://www.sansilvestrovini.com
47012,Vallone,http://www.agricolevallone.it
41998,Geografico,http://www.chiantigeografico.it
46415,Cantina Produttori di Valdobbiadene-Ca'Val,https://www.valdoca.com
42862,Fratelli Cella,http://www.cellawines.com
49756,Villa di Campobello,
50902,Roccolo Grassi,http://www.roccolograssi.it
49726,Bibi Graetz,http://www.bibigraetz.com
41441,Cantine due Palme,http://www.cantineduepalme.it
45316,Angelo Negro,https://www.angelonegro.it
46088,Enzo Bartoli,https://www.enzobartoli.com
41273,Elio Altare,http://www.elioaltare.com
42716,Duemani,http://www.duemani.eu
50915,Zonin,http://www.casavinicolazonin.it
46084,Pio Cesare,http://www.piocesare.it
45429,Giordano,http://www.giordanowines.com
45965,Cascina Ballarin,http://www.cascinaballarin.com
49419,Fèlsina,http://www.felsina.it
43045,Tavernello,http://www.tavernello.com
42434,Castello di Ama,http://www.castellodiama.com
45257,Coppo,http://www.coppo.it
45771,Mauro Veglio,http://www.mauroveglio.com
51161,Cavaliere d'Oro,https://www.cavalieredoro.com
49723,Medici Riccardi,http://www.mediciriccardiwines.com
46686,Masseria Trajone,https://www.femarvini.com/en/brand-en/masseria-trajone.html
52509,Cassal del Ronco,http://www.castellargo.com
52355,Albino Armani,http://www.albinoarmani.com
46629,Grande Alberone,http://www.grandealberone.it
46057,Covalli,
49058,Bonacchi,http://www.bonacchi.it
47681,Kettmeir,http://www.kettmeir.com
50058,Cavit,http://www.cavit.it
41756,Villa Raiano,http://www.villaraiano.com
49325,Fertuna,http://www.fertuna.it
45426,Manfredi,http://www.manfredicantine.it
45304,Il Pozzo,
41244,Giuseppe Rinaldi,
40883,Bottega,http://www.bottegaspa.com
43209,Tenuta delle Terre Nere,http://www.tenutaterrenere.com
40964,Il Falchetto,http://www.ilfalchetto.com
50113,Kössler,http://www.koessler.it
42108,Il Molino di Grace,http://www.ilmolinodigrace.com
46132,Roberto Ferraris,http://www.robertoferraris.com
41308,Comm. G.B. Burlotto,http://www.burlotto.com
46097,Trediberri,http://www.trediberri.com
45778,Ca’ del Baio,http://www.cadelbaio.com
45334,Oddero,http://www.oddero.it
46987,La Pruina,http://www.lapruinavini.com
41207,Bartolo Mascarello,
45607,Boroli,http://www.boroli.it
46033,Bricco dei Guazzi,http://www.briccodeiguazzi.it
42444,Castellare,http://www.castellare.it
46249,Il Cascinone,
41950,Rubinello,
46654,Maestro Italiano,http://www.maestroitaliano.it
51970,Cottini,https://www.agricolacottini.it
44147,Pertinace,http://www.pertinace.com
40751,Venea,http://www.venea.it
41959,Sensi,http://www.sensivini.com
46647,Suolo Rosso,
42399,Antico Italiano,
45329,Carlo Giacosa,http://www.carlogiacosa.it
41092,Roberto Sarotto,http://www.robertosarotto.com
42342,Cultura Vini,
46193,Tenuta Rocca,http://tenutarocca.com
41133,Giacosa Fratelli,http://www.giacosa.it
45828,Filippo Gallino,http://www.filippogallino.com
43523,Borgo Magredo,http://www.borgomagredo.it
45593,Berta,https://www.distillerieberta.it
41002,Poderi Rosso Giovanni,http://www.poderirossogiovanni.it
50478,Cantina Valpolicella Negrar,http://www.cantinanegrar.it
41299,Rocche Costamagna,http://www.rocchecostamagna.it
45289,Bric Cenciurio,http://www.briccenciurio.com
47497,Santadi,http://www.cantinadisantadi.it
46248,Castelvero,
43518,Flaibani,http://www.flaibani.it
43482,Cantarutti,http://www.cantaruttialfieri.it
42419,San Felice,http://www.agricolasanfelice.it
51195,Carlo Zenegaglia,http://www.carlozenegaglia.com
51167,Grandi Mori,http://grandimori.it
52329,Riondo,http://www.cantineriondo.com
41676,D'Antiche Terre,http://www.danticheterre.it
43516,Venica & Venica,http://www.venica.it
50447,Anselmet,http://www.maisonanselmet.it
46279,Marco Capra,http://www.marcocapravini.it
44116,Mustela,https://www.vinimustela.com
44266,Cascina Ghercina,https://www.cascinaghercina.com
45715,Francesco Scanavino,http://www.francescoscanavino.com
45273,Saglietti Flavio,http://www.sagliettiflavio.it
47347,Mottura,http://motturavini.com
50272,Rotari,http://www.rotari.it
42830,Bautista Martí,http://www.bautistamarti.com
46037,Sibona,http://www.distilleriasibona.it
52075,De Stefani,http://www.de-stefani.it
44939,Tommasi,http://www.tommasi.com
51547,Bonotto delle Tezze,http://www.bonottodelletezze.it
43381,Grappa Nonino,https://www.grappanonino.it
44162,Vallebelbo,http://www.vallebelbo.it
67224,Berry Bros & Rudd,https://www.bbr.com/buy-wine
67209,Chapel Down,http://www.englishwinesgroup.co.uk
67178,Tesco,https://www.tesco.com
37809,La Rioja Alta,http://www.riojalta.com
36760,Álvaro Palacios,https://alvaropalacios.com
34043,Familia Torres,http://www.torres.es
37183,Luis Cañas,http://www.luiscanas.com
34648,Descendientes de J. Palacios,
36936,Hacienda Monasterio,http://www.haciendamonasterio.com
36672,Juvé & Camps,http://www.juveycamps.com
36797,Clos Mogador,http://www.closmogador.com
35634,Codorníu,http://www.codorniu.com
34224,Jaume Serra,
37496,Muga,http://www.bodegasmuga.com
34856,Señorio de Los Llanos,http://www.garciacarrion.es/en/vinos-garcia-carrion/marcas-en/se
36405,Toro Albalá,http://www.toroalbala.com
37886,Marqués de Cáceres,http://www.marquesdecaceres.com
37391,Castillo Clavijo,http://www.castilloclavijo.com
37188,Ramón Bilbao,http://www.bodegasramonbilbao.es
37479,Heredad de Baroja,http://www.heredadbaroja.com
38071,Bodegas Félix Lorenzo Cachazo,http://www.cachazo.com
34176,Freixenet,http://www.freixenet.es
37025,Astrales,http://www.astrales.es
37874,Campo Viejo,http://www.campoviejo.com
37273,Carlos Serres,http://www.carlosserres.com
37481,Marqués de Reinosa,http://www.marquesdereinosa.com
37853,Siglo,
37241,Lar de Paula,http://www.lardepaula.com
36069,Lustau,http://www.lustau.es
37754,D. Mateos,http://www.bodegasmateos.com
36116,Stakhovsky Wines,http://stakhovskywines.com
38588,Anciano,http://www.ancianowine.com
36521,Bodegas Príncipe de Viana,http://www.principedeviana.com
36049,Bodegas Urium,http://www.urium.es
35956,Nanclares y Prieto,http://www.nanclaresyprieto.es
52562,Esse,http://essewine.com
52590,Massandra (Массандра),http://www.massandra.co.uk
52598,Shabo,http://shabo.ua
52576,Uppa-Pavel Shvets,http://uppawinery.ru
40375,Don Melchor,http://www.donmelchor.com
39051,Montes,http://www.monteswines.com
39456,Concha y Toro,http://www.conchaytoro.com
39248,Marques de Casa Concha,http://www.marquesdecasaconcha.com
40381,Emiliana,http://www.emiliana.cl
39874,Los Vascos,
40100,Ventisquero,http://www.ventisquero.com
39780,Doña Dominga,http://www.casasilva.cl
39723,Neyen,http://www.neyen.cl
39380,Undurraga,http://www.undurraga.cl
40307,TerraNoble,http://www.terranoble.cl
39236,Urmeneta,http://www.urmeneta.com
39549,Miguel Torres Chile,http://www.migueltorres.cl
39673,Mancura,http://www.mancurawines.cl
39507,Odfjell,http://www.odfjellvineyards.cl
10215,Club des Sommeliers (Associados),https://www.facebook.com/ClubDesSommeliers
39585,Antares,http://www.antareswines.com
39596,Mas Andes,
39527,Anderra,http://www.wine-anderra.com
39808,Alto Madero,
39467,Yali,http://www.yali.cl
39445,Espíritu de Chile,http://www.espiritu-de-chile.com
39008,Château Los Boldos,http://www.clboldos.cl
39488,Promesa,
39050,Casablanca,http://www.casablancawinery.com
39771,Bisquertt Family Vineyards,http://www.bisquertt.cl
39997,Falernia,http://www.falernia.com
40218,Viña Chocalán,http://www.chocalanwines.com
39783,Alto Los Romeros,http://altolosromeroswines.com
40010,De Martino,http://www.demartino.cl
39047,Santa Ema,http://www.santaema.cl
40332,Altanero,
39015,Vistamar,http://www.vistamar.cl
39621,Pacifico Sur,
39599,Santa Carolina,http://www.santacarolina.cl
39744,Viu Manent,http://www.viumanent.cl
39494,Sunrise,
40284,Erasmo,http://www.caliboro.com
39754,Casa Silva,http://www.casasilva.cl
39760,Estampa,http://www.estampa.com
70347,Bodega Garzón,http://bodegagarzon.com
70298,Salida,
70326,Narbona,http://www.narbona.com.uy
70288,De Lucca,http://www.deluccawines.com
70337,Bodegones del Sur,http://bodegonesdelsur.com/vinos
70338,Don Pascual,https://juanico.com/don-pascual-todos-nuestros-vinos/
70269,Dominio Cassis,http://www.dominiocassis.com.br
60469,Catena Zapata,https://catenazapata.com
60888,Alamos,http://www.alamoswines.com
60994,La Linda,https://luigibosca.com
61307,El Enemigo,http://www.enemigowines.com
60581,Rutini,http://www.rutiniwines.com
60479,Luigi Bosca,http://www.luigibosca.com.ar
60974,Terrazas de los Andes,http://www.terrazasdelosandes.com
60494,Trapiche,http://www.trapiche.com.ar
60505,Achaval-Ferrer,http://www.achaval-ferrer.com
60999,Trivento,http://www.trivento.com
60459,Nieto Senetiner,http://www.nietosenetiner.com.ar
60548,Viña Cobos,http://www.vinacobos.com
60992,Doña Paula,http://www.donapaula.com
60909,Altos Las Hormigas,http://www.altoslashormigas.com
60392,El Esteco,http://www.elesteco.com.ar
60569,Antigal,https://www.antigal.com
61627,Bodega Finca Las Moras,http://www.fincalasmoras.com
60706,Crios,
60878,Finca Flichman,http://www.flichman.com.ar
61700,Estancia Mendoza,http://www.estanciamendoza.com.ar
61293,CHANDON Argentina,http://www.chandon.com.ar
61449,De Angeles Viña 1924,http://www.malbecdeangeles.com
61669,Mumm,http://www.mumm.com.ar
61553,Schroeder,http://www.familiaschroeder.com
61557,Bodega del Fin del Mundo,http://www.bodegadelfindelmundo.com
60925,Nocturno,
61695,Altosur,http://www.sophenia.com.ar
60522,Cruzat,
61663,Alfredo Roca,http://www.rocawines.com
60517,Fabre Montmayou,http://www.fabremontmayou.com
70653,Boekenhoutskloof,http://www.boekenhoutskloof.co.za
71057,Meerlust,http://www.meerlust.co.za
70911,Kanonkop,http://www.kanonkop.co.za
70862,Springfield Estate,http://www.springfieldestate.com
71200,Silverboom,
70457,Spier,http://www.spier.co.za
70638,Tokara,http://www.tokara.co.za
70966,Ernie Els,http://www.ernieelswines.com
71130,Simonsig,http://www.simonsig.co.za
70545,Delaire Graff,http://www.delaire.co.za
71739,Cape Heritage,
70422,Van Loveren,http://www.vanloveren.co.za
70677,Haute Cabrière,http://www.cabriere.co.za
70445,Strandveld Vineyards,http://www.strandveld.co.za
70824,Klein Kloof,
71345,Fleur du Cap,http://www.fleurducap.co.za
71503,Lions Gate,
71229,Swartland Winery,http://www.swwines.co.za
71204,Stellenbosch Drive,
70428,Opstal,http://www.opstal.co.za
70532,Black Oystercatcher,http://blackoystercatcher.co.za
71587,Table Mountain,
70437,Boplaas,http://www.boplaas.co.za
71081,Koopmanskloof,http://www.koopmanskloof.co.za
70411,Kranskop,https://kranskopwines.co.za
70436,De Krans,http://www.dekrans.co.za
63066,Penfolds,https://www.penfolds.com
63870,Leeuwin Estate,http://www.leeuwinestate.com.au
64418,Oxford Landing,http://www.oxfordlanding.com
63875,Hardys,http://www.hardys.com.au
64906,Insurrection,http://insurrectionwines.com
63125,Torbreck,http://www.torbreck.com
64809,Yellow Tail,http://www.yellowtailwine.com
63257,Grosset,https://www.grosset.com.au
63332,Bowen Estate,http://www.bowenestate.com.au
62927,Grant Burge,http://www.grantburgewines.com.au
63074,Barossa Valley Estate,http://www.barossavalleyestate.com
63746,Cape Mentelle,http://www.capementelle.com.au
63051,Yalumba,http://www.yalumba.com
63742,Woodlands,http://www.woodlandswines.com
65129,Giant Steps,https://www.giantstepswine.com.au
63524,Heathcote Estate,http://www.heathcoteestate.com
63429,Frankland Estate,http://www.franklandestate.com.au
64731,Lindeman's,http://www.lindemans.com
63253,Taylors/Wakefield,https://www.taylorswines.com.au
64021,Shirvington,http://www.shirvington.com
63784,Peccavi,http://www.peccavi-wines.com
64038,Kooyong,http://www.kooyong.com
65010,Forest Hill,https://www.foresthillwines.com.au
63273,Pauletts,http://www.paulettwines.com.au
63645,Tulloch,https://tullochwines.com
65231,Yarra Yering,http://www.yarrayering.com
64285,Pete’s Pure,https://www.petespure.com
63045,Andrew Peace,http://www.apwines.com
64782,Diamond Hill,
63495,De Bortoli,http://www.debortoli.com.au
63852,McHenry Hohnen,http://www.mchenryhohnen.com.au
64873,The Little Penguin,http://www.thelittlepenguin.com
63774,Vasse Felix,http://www.vassefelix.com.au
62868,Shaw + Smith,http://www.shawandsmith.com
64347,Yeringberg,http://www.yeringberg.com
63839,Thompson Estate,https://thompsonestate.com
63968,Paxton,http://www.paxtonvineyards.com
63225,Mitchelton,http://www.mitchelton.com.au
56763,Caymus,http://www.caymus.com
56932,Stag's Leap Wine Cellars,https://www.stagsleapwinecellars.com
53846,Robert Mondavi Private Selection,http://www.robertmondaviprivateselection.com
58234,La Crema,http://www.lacrema.com
53069,Gnarly Head,http://www.gnarlyhead.com
54987,Chateau Ste. Michelle,http://www.ste-michelle.com
53362,Beringer,http://www.beringer.com
53078,Kendall-Jackson,http://www.kj.com
54694,Austin Hope,https://hopefamilywines.com
54292,Ménage à Trois,http://www.menageatroiswines.com
59190,Jordan,http://www.jordanwinery.com
56253,Black Stallion,http://www.blackstallionwinery.com
56881,Faust,http://www.faustwine.com
56897,Joseph Phelps,http://www.josephphelps.com
53854,Bogle,http://www.boglewinery.com
55897,Duckhorn,http://www.duckhorn.com
52667,Louis M. Martini,http://www.louismartini.com
58468,Au Bon Climat,http://www.aubonclimat.com
57083,Dominus,http://www.dominusestate.com
60094,King Estate,http://www.kingestate.com
54220,Beringer Main & Vine,https://www.mainandvinewine.com
53073,Beringer,
57082,Beaulieu Vineyard (BV),http://www.bvwines.com
57708,Paradigm,http://www.paradigmwinery.com
56963,Josh Cellars,http://www.joshcellars.com
52761,Roederer Estate,http://www.roedererestate.com
55402,RoseRock,http://roserockoregon.com
57304,Odette,http://www.odetteestate.com
54370,Eisele Vineyard,http://eiselevineyard.com
57871,Illahe,http://www.illahevineyards.com
53935,Cupcake,http://www.cupcakevineyards.com
53683,Whiplash,
59493,Philip Togni,http://www.philiptognivineyard.com
55882,Cuvaison,http://www.cuvaison.com
58341,Meiomi,http://meiomi.com
53205,Wycliff,
60279,Priest Ranch,http://www.priestranchwines.com
55730,Maggio Family Vineyards,http://www.oakridgewinery.com
52867,DeLoach,http://www.deloachvineyards.com
56878,Big Smooth,http://www.bigsmoothwines.com
57081,Colgin,http://www.colgincellars.com
54287,Geyser Peak,http://www.geyserpeakwinery.com
55204,14 Hands,http://www.14hands.com
52817,Muirwood,
55314,Dashe,http://www.dashecellars.com
60009,Argyle,http://www.argylewinery.com
53101,Bota Box,http://www.botabox.com
53499,Kirkland Signature,http://www.costco.com
55339,Domaine Drouhin,http://www.domainedrouhin.com
54014,Juggernaut,https://juggernautwines.com
56918,Ovid,https://ovidnapavalley.com
53449,Meridian,http://www.meridianvineyards.com
55669,Peter Michael,http://www.petermichaelwinery.com
53904,The Naked Grape,http://www.thenakedgrapewine.com
53729,Star Lane Vineyard,http://www.starlanevineyard.com
57089,Far Niente,http://www.farniente.com
56259,Pine Ridge,http://www.pineridgewinery.com
53707,Pra Vinera,http://pravinerawines.com
58324,Niebaum Coppola,
54372,Larkmead,http://www.larkmead.com
55586,Hall,https://www.hallwines.com
60098,Anne Amie Vineyards,http://www.anneamie.com
56820,Jericho Canyon Vineyard,http://www.jerichocanyonvineyard.com
60005,Willamette Valley Vineyards,http://www.willamettevalleyvineyards.com
60156,Wapato Ridge Vineyard,
56621,Madonna Estate,http://www.madonnaestate.com
56941,McKenzie-Mueller,http://www.mckenziemueller.com
57167,Neyers,http://www.neyersvineyards.com
54959,Cathedral Ridge,http://www.cathedralridgewinery.com
59508,Long Meadow Ranch,http://www.longmeadowranch.com
59545,Roberts + Rogers,http://www.robertsandrogers.com
52752,Terra d'Oro,http://terradorowinery.com
54212,Burlwood Cellars,
57214,Shibumi Knoll Vineyards,http://www.shibumiknoll.com
56590,Goosecross,http://www.goosecross.com
58440,League of Rogues,https://www.lorwines.com
59024,McIlroy Cellars,http://www.mcilroycellars.com
58863,Piper Sonoma,http://www.pipersonoma.com
57150,D.R. Stephens,https://www.drstephensestate.com
56915,Baldacci,http://www.baldaccivineyards.com
60165,Silvan Ridge Winery,http://www.silvanridge.com
55411,Weis Vineyards,https://www.weisvineyards.com
58741,Cobb,http://www.cobbwines.com
60225,Wollersheim Winery,http://www.wollersheim.com
54314,Parkers Estate,http://www.parkersestate.com
55403,Lingua Franca,https://www.linguafranca.wine
55009,Columbia Crest,http://www.columbiacrest.com
53422,Fog & Light,
59803,Paradise Springs,https://www.paradisespringswinery.com
59105,Loxton,http://www.loxtonwines.com
53785,Van Ruiten,http://www.vrwinery.com
56298,Yates Family Vineyard,http://www.yatesfamilyvineyard.com
52807,Aridus,https://www.ariduswineco.com
59638,Messina Hof,http://www.messinahof.com
59402,Rancho de Philo,https://www.ranchodephilo.com
58826,Amphora,http://www.amphorawines.com
59394,South Coast Winery,http://wineresort.com
59895,Kiona Vineyards,http://kionawine.com
57593,Fore Family Vineyards,https://www.forewines.com
56229,The Hess Collection,http://www.hesscollection.com
60181,Iris Vineyards,https://www.irisvineyards.com
65869,Vineland Estates Winery,https://vineland.com
65704,Gray Monk,http://www.graymonk.com
66150,Norman Hardie,http://www.normanhardie.com
65824,Open,http://www.openwines.ca
65800,Tawse,http://www.tawsewinery.ca
65856,Thirty Bench,http://www.thirtybench.com
65809,Kacaba,http://www.kacaba.com
65795,Peller Estates,https://www.peller.com
65895,Konzelmann,http://www.konzelmann.ca
66048,Mission Hill Family Estate,http://www.missionhillwinery.com
66001,Sandhill,http://www.sandhillwines.ca
65816,Cave Spring,http://www.cavespringcellars.com
65807,Palatine Hills Estate,http://www.palatinehillsestatewinery.com
66110,Southbrook,http://www.southbrook.com
66033,Saxon Estate Winery,https://www.saxonwinery.com
68802,Monte Xanic,http://www.montexanic.com.mx
68800,L. A. Cetto,http://www.lacetto.mx
68844,Las Nubes,http://www.vinoslasnubesbc.com
68771,Donato,https://donato.com.mx
68766,De Cote,http://www.decote.mx
68755,Mariatinto,http://www.mariatinto.com
68431,Château Musar,http://www.chateaumusar.com
69490,Brancott Estate,http://www.brancottestate.com
68930,Villa Maria,http://www.villamaria.co.nz
68922,Matua,http://www.matua.co.nz
69573,Hans Greyl,
69201,Whitehaven,http://whitehaven.co.nz
69393,Mud House,http://www.mudhouse.co.nz
69559,Nobilo,http://www.nobilowines.com
69276,Starborough,http://www.starboroughwine.com
69227,Taka,
61894,Meinklang,http://www.meinklang.at
62086,Schloss Gobelsburg,http://www.gobelsburg.com
67748,Argyros,http://www.estate-argyros.com
68277,Barkan,http://www.barkan-winery.co.il
67733,Kourtaki,http://www.kourtakis.com
67484,Kir Yianni,http://www.kiryianni.gr
60335,Golubitskoe Estate-Villa Romanov,http://golubitskoe-estate.ru
60334,Château Tamagne,http://kuban-vino.ru
67525,Porto Carras,http://www.portocarraswines.gr
67750,Hatzidakis,http://www.hatzidakiswines.gr
69388,Saint Clair Family Estate,http://www.saintclair.co.nz
60291,Винодельня Ведерниковъ (Vedernikov Winery),http://www.vedernikovwine.ru
69290,Oyster Bay,http://www.oysterbaywines.com
60285,Gaï-Kodzor,http://www.gai-kodzor.ru
62600,Domäne Wachau,http://www.domaene-wachau.at
68445,Clos St. Thomas,http://www.closstthomas.com
67565,Lyrarakis,http://www.lyrarakis.com
68030,Egervin,http://www.egricsillagok.hu
68446,Château Ksara,http://www.ksara.com.lb
67766,Gavalas,http://www.gavalaswines.gr
68180,Vinum Regum Rex Vinorum,
68119,Megyer,http://www.pajzos-megyer.com
68165,Château Pajzos,http://www.pajzos.com
67772,Venetsanos,http://venetsanoswinery.com
69677,Te Motu,http://www.temotu.co.nz
69044,Coal Pit,http://www.coalpitwine.com
69170,Wild Rock,http://www.wildrockwine.co.nz
69151,Mills Reef,http://www.millsreef.co.nz
69017,Valli,http://www.valliwine.com
68430,Château Kefraya,http://www.chateaukefraya.com
68966,Pyramid Valley Vineyards,http://www.pyramidvalley.co.nz
69168,Te Mata,http://www.temata.co.nz
60337,Aristov,https://aristovwine.ru
69078,Church Road,http://www.churchroad.co.nz
68629,Gran Cavalier,https://delicata.com/projects/gran-cavalier/
68161,Szepsy,http://www.szepsy.hu
69631,Lindauer,https://lindauer.co.nz
70214,Shiluh,http://www.shiluh.com.tr
62078,Hiedler,http://www.hiedler.at
67523,Tsantali,http://www.tsantali.com
62400,Urbanihof,http://www.urbanihof.at
69124,Sileni Estates,http://www.sileni.co.nz
69091,Te Awanga Estate,http://www.rmwines.co.nz
61849,Laessiger,http://www.laessiger.at
68177,Pauleczki Szolobirtok,www.pauleczki-vin.hu
62425,Leth,http://www.weingut-leth.at
62201,Schloss Halbturn,http://www.weingut-schlosshalbturn.com
62450,Regele,http://www.regele.com
68634,Medina,
70091,Quercus,https://klet-brda.si/sl/iskalnik/
66953,Znovín Znojmo,http://www.znovin.cz
67551,Karipidis,http://www.karipidi.gr
67844,Testament,http://www.testament-winery.com
69028,Misha's Vineyard,http://www.mishasvineyard.com
67626,Mercouri Estate,http://www.mercouri.gr
67654,Katsaros,
68548,Castel Mimi,https://www.castelmimi.md
68212,Gere Tamás,http://www.geretamas.hu
69058,Matawhero,https://matawhero.co.nz
62442,Johann Gisperg,http://www.weingut-gisperg.at
62456,Tscheppe,http://www.tscheppe.com
62276,Weingut Josef Schmid,http://www.j-schmid.at
69923,Sebes Estate,
66671,Jacques Germanier,http://germanier.com
69859,Murfatlar,http://www.murfatlar.com
66408,Domaine Saint-Sébaste,https://www.kuntzer.ch
69205,Lake Chalice,http://www.lakechalice.com
66420,Robert Andrey Schafis,https://www.andreyschafis.ch
69578,Martinborough Vineyard,http://www.martinborough-vineyard.co.nz
66662,Niklaus Wittwer,http://www.niklaus-wittwer.ch
62148,Hundsdorfer,http://www.hundsdorfer.at
62556,Muster-Gamlitz,http://www.muster-gamlitz.at
62656,Josef Fischer,http://www.huchenfischer.at
69643,Bridge Pa Vineyards,
